Date,AAPL,BAC,CSCO,DE
9/30/2020,112.6504211,21.32743263,33.67777252,207.7524719
10/1/2020,113.6037292,21.33628273,33.47929764,205.3246307
10/2/2020,109.9365692,21.43367386,33.02198029,210.7145691
10/5/2020,113.3216019,21.79665565,33.28084183,212.748703
10/6/2020,110.0727234,21.57532692,33.28084183,211.9612885
10/7/2020,111.9403763,22.02684021,33.99702072,216.1326752
10/8/2020,111.8333664,22.34555435,34.33354187,219.572876
10/9/2020,113.778801,22.45179367,34.38531494,220.107193
10/12/2020,121.0061035,22.73509407,34.8253746,221.7101135
10/13/2020,117.7961197,22.08880997,34.35079575,222.3662567
10/14/2020,117.8836899,20.91133118,34.41982269,223.5380402
10/15/2020,117.4167786,21.3805542,34.48886871,223.3224335
10/16/2020,115.7728729,21.46022606,34.65280151,225.0284424
10/19/2020,112.8158035,20.99986267,33.91073608,223.2567749
10/20/2020,114.3040771,21.37170219,33.82445526,223.9129791
10/21/2020,113.6815186,21.29202271,33.7036438,221.59758
10/22/2020,112.5920868,22.0179863,33.49656677,222.0475922
10/23/2020,111.9014587,22.04454613,33.49656677,224.5316315
10/26/2020,111.9111938,21.72583199,32.50426102,219.5822601
10/27/2020,113.4189072,21.11495781,31.81396484,214.2016449
10/28/2020,108.1662216,20.77853203,30.81303978,209.3834686
10/29/2020,112.1738358,20.84050369,30.79577827,213.7423096
10/30/2020,105.8900528,20.98215866,30.97697449,211.7644653
11/2/2020,105.8025208,21.31858063,30.97697449,217.1918945
11/3/2020,107.4269485,21.8586235,31.65002632,224.9347076
11/4/2020,111.8138962,20.96445274,31.55510902,218.6916962
11/5/2020,115.7825851,21.78780174,32.12459564,230.6152649
11/6/2020,115.651062,21.52219963,32.38346481,232.1338501
11/9/2020,113.3417435,24.5765686,32.96157837,233.2867584
11/10/2020,113.0007095,24.48803329,33.41027451,238.0674744
11/11/2020,116.4305573,24.20473099,33.9366188,233.7367096
11/12/2020,116.157753,23.62927437,33.36713028,232.4806366
11/13/2020,116.206459,23.90372467,35.72275925,236.0239563
11/16/2020,117.2198334,24.41720772,36.70642853,242.876236
11/17/2020,116.3331451,24.39064789,36.13694382,242.0419617
11/18/2020,115.0079651,23.88601685,35.65373611,241.217041
11/19/2020,115.6023407,23.88601685,35.52430344,239.585968
11/20/2020,114.3356247,23.73550987,35.35172653,242.3700714
11/23/2020,110.9349976,24.24900246,35.92985153,244.760376
11/24/2020,112.2211761,25.65666199,36.76683426,245.1353607
11/25/2020,113.0591583,25.70093155,36.67191696,240.3734283
11/27/2020,113.6048203,25.66551399,36.84449768,245.5478363
11/30/2020,116.0018387,24.93070412,37.12060928,245.2384491
12/1/2020,119.5778809,25.39991951,37.56929779,239.1548004
12/2/2020,119.9286499,25.72749329,37.87129974,242.7825012
12/3/2020,119.7922516,25.75421333,38.06113815,236.8582306
12/4/2020,119.1199036,26.09273529,38.29410553,237.5237732
12/7/2020,120.5815125,25.91456604,38.26822281,236.2302094
12/8/2020,121.1953659,25.77203751,38.2854805,236.7832489
12/9/2020,118.6619492,25.65621948,38.56159592,238.873642
12/10/2020,120.0845566,25.93238068,38.24234009,237.5800323
12/11/2020,119.2758102,25.45133018,38.24234009,239.7547455
12/14/2020,118.6619492,25.13953781,38.17330933,236.8957062
12/15/2020,124.6057587,25.51368713,38.58748245,245.5852356
12/16/2020,124.5375443,25.58495522,38.58748245,244.7697144
12/17/2020,125.404747,25.68294716,38.6737709,247.966217
12/18/2020,123.4170074,25.54041481,39.20875168,253.7498932
12/21/2020,124.946785,26.49361229,38.72555542,250.9846039
12/22/2020,128.5033264,26.02146339,38.56159592,252.4000854
12/23/2020,127.606926,26.76977158,38.29410553,251.1627045
12/24/2020,128.5910339,26.68959618,38.43217468,252.3531342
12/28/2020,133.1902008,26.84103966,38.76005173,250.7503357
12/29/2020,131.4167938,26.7341404,38.51845551,248.7254944
12/30/2020,130.2962189,26.70741463,38.38039017,250.2014465
12/31/2020,129.2926025,27.00139236,38.61336899,252.9276886
1/4/2021,126.096611,26.75195694,38.23932648,251.6021118
1/5/2021,127.6555786,26.95684624,38.25672531,257.8442993
1/6/2021,123.3585281,28.64054108,38.6220665,272.9606323
1/7/2021,127.5679092,29.27303505,39.10919189,281.7691956
1/8/2021,128.6689911,28.97905922,39.19618607,276.2980042
1/11/2021,125.6775894,29.46011543,39.45714188,277.247467
1/12/2021,125.5021896,29.98571014,39.83119202,283.9878235
1/13/2021,127.538681,29.80753517,39.45714188,283.1699524
1/14/2021,125.6094055,30.27968407,39.2744751,284.7022705
1/15/2021,123.8847046,29.40665817,39.5180397,277.6986694
1/19/2021,124.557045,29.19286346,39.30926514,277.3132629
1/20/2021,128.6494904,28.80979919,39.43974304,282.9066772
1/21/2021,133.3656006,28.30201721,39.2396698,287.1934204
1/22/2021,135.5092468,28.10603333,38.94392014,286.8832092
1/25/2021,139.2606659,27.75860023,39.17007828,280.3309326
1/26/2021,139.4945374,27.56262016,39.37014771,278.2721558
1/27/2021,138.422699,26.57378769,39.75289536,263.9077759
1/28/2021,133.5799408,27.01029968,39.43974304,275.4048767
1/29/2021,128.5813293,26.4134407,38.77865219,271.4941406
2/1/2021,130.7054443,26.68959618,39.49193954,274.6997986
2/2/2021,131.5336914,27.64279747,39.86598206,284.4108582
2/3/2021,130.5106201,28.13275909,39.81378937,283.094696
2/4/2021,133.8722839,28.95233154,41.10119629,290.7375488
2/5/2021,133.4575195,28.83652306,41.82318115,290.7093201
2/8/2021,133.6039429,29.47792435,42.57126617,298.0419617
2/9/2021,132.7256165,29.35321236,42.18851852,296.4344177
2/10/2021,132.1205902,29.37993622,41.09248734,294.8456726
2/11/2021,131.8668976,29.29085732,41.38825226,295.6165161
2/12/2021,132.1010742,29.72735977,41.13599014,294.2440186
2/16/2021,129.9737244,30.5291214,40.45750046,298.0889282
2/17/2021,127.6804504,30.65383911,40.23132324,293.3792419
2/18/2021,126.5777817,30.4578476,40.30961609,282.2580566
2/19/2021,126.7339249,30.76965141,39.73550797,310.2252502
2/22/2021,122.9573822,31.31305695,39.5180397,317.2853088
2/23/2021,122.8207321,31.64267349,39.5876236,317.1912842
2/24/2021,122.3230515,32.40879822,39.78768921,324.9469299
2/25/2021,118.0683365,32.00792313,39.59632111,327.1749268
2/26/2021,118.3318253,30.92109299,39.03091049,328.199646
3/1/2021,124.7041321,31.88319778,39.94426346,337.9669495
3/2/2021,122.0986023,31.65158081,39.59632111,330.3805542
3/3/2021,119.1124802,32.4444313,39.25706863,322.5028076
3/4/2021,117.2291031,32.6771965,38.76124954,317.6989441
3/5/2021,118.4879532,33.06216431,40.23132324,328.8670959
3/8/2021,113.5501556,33.24121475,41.3273468,332.505127
3/9/2021,118.1659164,32.51605606,41.65790939,331.5556335
3/10/2021,117.0827408,33.45608521,42.00585175,339.5745239
3/11/2021,119.0149155,33.33969879,42.44947815,342.6203613
3/12/2021,118.1073761,33.96636963,42.46687698,347.3489685
3/15/2021,120.9958954,33.79627228,42.98010254,351.9365234
3/16/2021,122.5377274,33.6978035,43.20626068,351.1374817
3/17/2021,121.7472992,33.9753418,42.98879623,356.5335388
3/18/2021,117.6194382,34.86164856,42.44947815,357.6146545
3/19/2021,117.0924759,34.49459457,42.60606003,350.1598206
3/22/2021,120.4103851,33.71569443,43.75428009,349.3230896
3/23/2021,119.5809174,33.03530121,43.50202179,336.0680542
3/24/2021,117.1900711,33.03530121,43.18887329,339.2831116
3/25/2021,117.6779785,33.71569443,43.9369545,344.8201599
3/26/2021,118.2830276,34.62887955,45.72888184,349.9812012
3/29/2021,118.4586792,34.29764175,45.68538666,345.9200439
3/30/2021,117.0046539,34.9064064,45.03298187,352.3753967
3/31/2021,119.2003326,34.63782883,44.98080063,352.5827942
4/1/2021,120.029808,35.35404968,45.21565628,350.6790771
4/5/2021,122.8597565,35.63158035,45.91653824,353.2141113
4/6/2021,123.1622849,35.53308868,45.58361816,353.9679565
4/7/2021,124.8114624,35.85540009,45.35582733,353.1952209
4/8/2021,127.2120667,35.54204941,45.47849274,352.5166626
4/9/2021,129.7883301,35.8016777,45.63619232,355.2778931
4/12/2021,128.0708466,35.86434174,45.18061829,356.465271
4/13/2021,131.1837921,35.20185089,45.25945663,356.8517151
4/14/2021,128.8417358,35.70319748,45.00539017,359.5185547
4/15/2021,131.2521362,34.68260193,45.24193573,360.1217651
4/16/2021,130.9203033,35.04964828,46.25821686,360.9980774
4/19/2021,131.5838928,35.06755447,46.30202484,358.7835388
4/20/2021,129.8956299,34.0917244,45.37335587,348.9356079
4/21/2021,130.2762299,34.66469193,45.49600983,353.9586182
4/22/2021,128.7539215,34.3423996,45.11928177,347.1357422
4/23/2021,131.0764923,35.0765152,45.47849274,354.5899353
4/26/2021,131.4667664,35.28242111,45.24193573,358.5290833
4/27/2021,131.1447296,35.70319748,45.00539017,360.329071
4/28/2021,130.3543549,35.83748245,44.77759933,357.9165344
4/29/2021,130.2567139,36.80437851,45.08424377,354.7030945
4/30/2021,128.2855377,36.28512573,44.60237885,349.4822388
5/3/2021,129.3394165,36.31197357,44.83016968,352.2340393
5/4/2021,124.7626801,36.70589828,44.42716599,357.7092896
5/5/2021,125.0066528,37.05505753,44.79512024,357.0307312
5/6/2021,126.6070404,37.61011124,45.94281769,367.4440308
5/7/2021,127.2815323,37.76231003,46.81016922,371.5057983
5/10/2021,123.9970779,37.64593124,46.57361221,368.8482666
5/11/2021,123.0782394,37.21619797,46.28450394,361.120697
5/12/2021,120.0088425,36.86703491,45.20689774,352.1021423
5/13/2021,122.1593781,37.45792007,45.9866333,356.3239136
5/14/2021,124.5836029,37.92346191,46.34582901,361.8746338
5/17/2021,123.4301147,38.26366425,46.38087082,361.4505005
5/18/2021,122.0420609,37.74440384,46.37211609,348.3890991
5/19/2021,121.8856659,37.5743103,45.96910477,337.7684631
5/20/2021,124.4467316,37.48477173,46.30202484,334.7528381
5/21/2021,122.6090164,37.95927429,45.93406296,339.0218201
5/24/2021,124.2414551,38.16518021,46.77511597,338.6542664
5/25/2021,124.0459747,37.61011124,46.70503616,339.9076538
5/26/2021,123.9970779,37.63697433,46.35459137,337.127655
5/27/2021,122.4624176,38.09355164,46.36334229,341.3401184
5/28/2021,121.8074722,37.9503212,46.34582901,340.2940979
6/1/2021,121.4849091,38.42480087,46.10052109,343.6018066
6/2/2021,122.2473526,38.44270706,46.39839172,336.1569519
6/3/2021,120.761528,38.88323975,46.72255325,338.2302246
6/4/2021,123.0586777,38.90121841,47.37086868,336.0910645
6/7/2021,123.0684509,38.76636124,47.23945618,334.9507141
6/8/2021,123.8895569,38.55059814,47.42344284,336.0344543
6/9/2021,124.2707901,38.04713058,47.32706833,329.3907166
6/10/2021,123.273735,37.48074341,48.21192932,321.7668457
6/11/2021,124.4858475,37.63358307,47.98413849,321.8893738
6/14/2021,127.5454483,37.18406677,47.45848083,316.2067871
6/15/2021,126.7243423,37.2110405,47.12556458,318.6193237
6/16/2021,127.2228851,37.41780472,46.84520721,317.1679993
6/17/2021,128.8259735,35.78157425,46.54734039,309.4592896
6/18/2021,127.5258789,34.86455154,45.61866379,310.0153503
6/21/2021,129.3245087,35.73661423,46.59114075,318.4119263
6/22/2021,130.9667206,35.93440628,46.66122818,322.3887634
6/23/2021,130.6930237,36.14118195,46.22316742,327.7132568
6/24/2021,130.4095764,36.70757675,46.24069595,330.4179077
6/25/2021,130.116272,37.41780472,46.48601532,329.8241577
6/28/2021,131.7487183,37.3638649,46.39839172,329.72995
6/29/2021,133.2639008,36.76151657,46.35459137,329.6732788
6/30/2021,133.8796997,37.06718063,46.43344116,333.2445984
7/1/2021,134.1827393,37.34589005,46.81892014,334.7375183
7/2/2021,136.8122253,36.99526596,47.2335701,333.0462952
7/6/2021,138.8259125,36.02430725,46.73953247,330.1645508
7/7/2021,141.3185577,35.73661423,46.98655319,332.4604797
7/8/2021,140.0185089,34.86455154,46.98655319,324.6185608
7/9/2021,141.846405,35.99733734,47.41000748,330.1929321
7/12/2021,141.2501068,36.52776337,46.96008301,334.7279663
7/13/2021,142.3645172,35.83551025,47.0394783,331.4117126
7/14/2021,145.7955475,34.93648148,47.71878433,326.4987183
7/15/2021,145.1405945,34.90951157,47.33060837,326.9994202
7/16/2021,143.0976105,34.09138489,47.37471008,323.5886536
7/19/2021,139.2462006,33.20133972,46.81010818,316.4648132
7/20/2021,142.8630066,33.88459778,47.26885223,328.822937
7/21/2021,142.1298676,34.57686234,47.53351974,333.5186462
7/22/2021,143.4984131,34.12734604,48.11577988,331.9407654
7/23/2021,145.218811,33.89360046,48.72449875,335.1248474
7/26/2021,145.6391449,34.28018188,48.93623734,335.842865
7/27/2021,143.4691162,34.14532852,48.76861572,334.0099487
7/28/2021,141.7193298,34.28018188,48.31867981,334.0477295
7/29/2021,142.3645172,34.77465057,48.58334732,339.9432983
7/30/2021,142.5795288,34.48696518,48.84801483,341.6345825
8/2/2021,142.2472076,34.12734604,48.91859436,336.3058167
8/3/2021,144.0457916,34.65777206,49.62435532,345.6689758
8/4/2021,143.64505,34.40604019,49.13031006,340.7654114
8/5/2021,143.7525482,35.08032608,49.19207001,344.2139282
8/6/2021,143.0673065,36.09622955,49.04209518,346.6326294
8/9/2021,143.0183105,36.56372833,48.93623734,348.9380188
8/10/2021,142.53862,37.24699402,49.05974197,355.835083
8/11/2021,142.7931824,37.7144928,49.28029633,364.7730103
8/12/2021,145.7594757,37.89429855,49.74786758,364.3384094
8/13/2021,145.9650269,37.42680359,49.81843567,362.8078308
8/16/2021,147.9425507,37.1211319,49.65082932,361.8912964
8/17/2021,147.0321503,36.94132996,49.41262436,355.5611267
8/18/2021,143.2826691,36.6716156,48.65392303,351.1015625
8/19/2021,143.6155548,36.13218689,50.52421188,339.1685791
8/20/2021,145.0741577,36.29401016,51.36231232,332.0352783
8/23/2021,146.5622101,36.77949905,51.6446228,342.777771
8/24/2021,146.4740906,37.29195023,52.33274841,347.671875
8/25/2021,145.2406158,37.89429855,52.35920715,355.5989075
8/26/2021,144.4378357,37.79540634,52.22687149,358.848999
8/27/2021,145.4755859,38.19997025,52.0680809,358.5467224
8/30/2021,149.900528,37.45376968,52.16513062,359.9734192
8/31/2021,148.6376495,37.53469086,52.0680809,357.1672974
9/1/2021,149.3033447,37.03123093,52.08572769,355.9201965
9/2/2021,150.4193726,37.06737137,52.51800537,363.7053833
9/3/2021,151.0556793,37.09447861,52.4209671,367.8530579
9/7/2021,153.3954315,37.33847427,51.94456482,351.2244263
9/8/2021,151.8486633,36.8504982,51.76812363,349.7977905
9/9/2021,150.8305206,36.98604965,51.69754791,344.7052612
9/10/2021,145.8377838,36.38964081,51.07118225,343.0329285
9/13/2021,146.4055939,36.99507904,51.25644684,341.5684814
9/14/2021,145.0056305,36.00107956,51.05353546,336.3341675
9/15/2021,145.8965302,36.27216339,50.78004456,339.9150085
9/16/2021,145.6615601,36.55229568,50.57714844,335.7200623
9/17/2021,142.9889526,36.59748077,50.15367508,329.8243713
9/20/2021,139.9345703,35.34141541,49.30675507,320.9810181
9/21/2021,140.4142761,35.35948563,48.75096512,318.3544312
9/22/2021,142.7834015,36.27216339,48.98034286,322.0297546
9/23/2021,143.7427368,37.67282104,50.01252365,332.1015015
9/24/2021,143.8308716,38.07945633,50.04781723,329.9756165
9/27/2021,142.3134613,39.09152603,49.59789276,332.9706116
9/28/2021,138.926239,39.00116348,48.98034286,334.4067078
9/29/2021,139.8268433,38.91983795,48.9450531,332.4925232
9/30/2021,138.524826,38.35957718,48.01873398,317.5201416
10/1/2021,139.6506348,38.92887115,48.64509964,324.2766418
10/4/2021,136.214447,39.16382217,48.1654892,320.7135315
10/5/2021,138.1430359,39.95902634,48.5740509,320.5714722
10/6/2021,139.0143127,39.97709656,47.90791702,320.6756592
10/7/2021,140.2771912,39.86865616,48.86714554,326.0676575
10/8/2021,139.8953857,40.06746292,48.92043304,325.1958618
10/11/2021,139.807312,39.56141663,48.78720474,315.1700134
10/12/2021,138.5346069,39.34455109,48.20989609,313.2842407
10/13/2021,137.9472809,38.98308563,48.51187515,311.7679749
10/14/2021,140.7373047,40.72712326,49.42669296,312.4977112
10/15/2021,141.7946014,41.90185547,49.07142258,315.3310852
10/18/2021,143.4686737,41.82052994,49.01813126,314.4592896
10/19/2021,145.6321716,42.00125122,49.50662994,325.1200562
10/20/2021,146.1216888,42.55246735,49.91519165,326.0297241
10/21/2021,146.3370361,42.3175354,49.46220779,324.9683838
10/22/2021,145.5636597,42.98622513,48.94708252,322.8647156
10/25/2021,145.5147247,42.93200302,48.97372437,334.2456665
10/26/2021,146.1804352,43.33863831,49.56880188,323.2816467
10/27/2021,145.7202759,42.50730133,49.89742661,320.5146484
10/28/2021,149.3620605,43.17598724,49.95071793,331.3838501
10/29/2021,146.6503448,43.17598724,49.71090698,324.3809814
11/1/2021,145.8280334,43.23924255,49.82636642,339.9598694
11/2/2021,146.8656769,43.26634598,51.17638397,336.6905212
11/3/2021,148.3048248,43.70913315,51.20303726,325.0821533
11/4/2021,147.7859497,42.76935196,50.73230743,332.4735718
11/5/2021,148.3153839,42.44403839,50.68789291,336.5957947
11/8/2021,147.4918213,42.77838516,50.62572098,341.9593201
11/9/2021,147.8545532,42.36271286,51.0165062,337.1738281
11/10/2021,145.0211945,42.67898178,51.30960846,334.1413879
11/11/2021,144.972168,42.91392899,50.41256332,337.3634338
11/12/2021,147.0506287,42.38981628,50.46585083,340.0640869
11/15/2021,147.0604095,42.51633453,50.86552429,342.2341003
11/16/2021,148.0408478,42.54343796,50.62572098,343.0491333
11/17/2021,150.4820251,42.02836227,50.41256332,335.0038147
11/18/2021,154.7761993,41.85667801,47.63259125,338.4057312
11/19/2021,157.4037018,41.02531815,47.29508591,328.0198059
11/22/2021,157.8644867,41.82052994,48.49410629,330.8721619
11/23/2021,158.2468262,42.92296219,49.11583328,330.9858704
11/24/2021,158.766449,43.04044342,49.32899094,348.5926819
11/26/2021,153.736969,41.35063553,48.55628586,340.4809875
11/29/2021,157.0997772,41.19701004,49.52438736,329.8580933
11/30/2021,162.0606232,40.18493652,48.70727539,327.4417419
12/1/2021,161.5409851,39.61564255,48.87602997,323.660675
12/2/2021,160.5507965,40.7597084,49.87077713,332.2556458
12/3/2021,158.668396,39.83356094,49.94182968,330.947876
12/6/2021,162.0802155,40.08779526,50.5901947,335.941864
12/7/2021,167.8253326,40.59626389,51.58494949,342.4141541
12/8/2021,171.6489105,40.09687805,50.64348602,342.1488037
12/9/2021,171.1391449,40.39651108,51.11421585,342.9638062
12/10/2021,175.9333038,40.42374802,52.62410355,339.59021
12/13/2021,172.2960052,39.57024765,52.05567932,333.0137939
12/14/2021,170.9136505,40.0696373,51.30960846,330.2940674
12/15/2021,175.7862396,39.89711761,53.22805786,325.9255066
12/16/2021,168.8842163,40.85959244,53.56557083,330.0477295
12/17/2021,167.7861481,39.84263992,53.69879532,328.8536377
12/20/2021,166.4233856,39.18888092,53.60997772,320.9221497
12/21/2021,169.5999146,40.12410736,54.20505524,331.4880676
12/22/2021,172.1979828,40.20583344,54.64913177,328.8253174
12/23/2021,172.8254242,40.33295441,55.31526566,330.9289856
12/27/2021,176.796051,40.53270721,56.32777405,332.3789063
12/28/2021,175.7763977,40.58718872,56.42547607,331.4501038
12/29/2021,175.8646545,40.52363586,56.80738449,327.6027832
12/30/2021,174.7077942,40.432827,56.50540543,325.1029968
12/31/2021,174.0901642,40.39651108,56.28337097,325.9204407
1/3/2022,178.4431305,41.93101501,56.09685135,332.7831116
1/4/2022,176.1783905,43.57447815,54.72100449,352.914917
1/5/2022,171.4920654,42.83900452,53.85441208,353.6373291
1/6/2022,168.629303,43.70159531,54.42617798,357.7339478
1/7/2022,168.7959595,44.65498734,54.61380005,359.9106445
1/10/2022,168.8155823,44.42799377,55.23024368,361.06073
1/11/2022,171.6489105,44.68222046,55.72162247,361.7165833
1/12/2022,172.0901642,44.36443329,55.49827194,357.6293945
1/13/2022,168.8155823,44.27363205,54.94436264,361.5645752
1/14/2022,169.6783447,43.50183868,54.81928635,360.7756348
1/18/2022,166.4724121,42.00365067,53.36303711,364.9103394
1/19/2022,162.9723663,42.16709518,52.62150955,357.296814
1/20/2022,161.286087,41.54057312,51.88892746,348.8182068
1/21/2022,159.2272186,40.78694916,50.63815308,346.2518311
1/24/2022,158.4527283,40.45098877,50.83470535,346.0141602
1/25/2022,156.6487732,41.25001907,50.12891006,349.9968262
1/26/2022,156.5605621,41.6767807,49.43205643,353.8178711
1/27/2022,156.0997467,41.28635025,48.79773712,357.3538208
1/28/2022,166.9919891,41.64954376,49.6822052,355.2912292
1/31/2022,171.3548279,41.89469528,49.73581696,357.7720642
2/1/2022,171.1881714,42.62108994,49.46779633,359.178833
2/2/2022,172.394043,42.57569504,50.18250656,355.946991
2/3/2022,169.5116577,42.1580162,49.31591797,352.5346985
2/4/2022,169.2269897,43.83779907,49.27124786,351.2040405
2/7/2022,168.5103912,44.04663086,49.28911209,353.7798767
2/8/2022,171.6222229,44.83659363,49.44098663,370.5848999
2/9/2022,173.0456085,44.74578857,50.28972626,375.8316956
2/10/2022,168.9619446,44.53694916,49.02108383,373.6930542
2/11/2022,165.5457764,43.51091385,48.15448761,373.2367859
2/14/2022,165.7814026,43.05692673,47.5112381,368.0946045
2/15/2022,169.6196442,43.3928833,48.48504639,373.9306641
2/16/2022,169.3840485,43.29299927,48.46717453,371.2312317
2/17/2022,165.7814026,41.83114243,49.82515717,361.6976318
2/18/2022,164.2303772,41.73125839,51.11166,350.833313
2/22/2022,161.305069,41.36806107,50.29866028,336.2714844
2/23/2022,157.1330566,40.65982819,48.63692474,320.8161011
2/24/2022,159.7540588,39.58840179,48.89601135,325.796814
2/25/2022,161.8253479,40.87774277,50.06637573,329.8080444
2/28/2022,162.0903473,40.13319016,49.82515717,342.2026672
3/1/2022,160.2056122,38.56236267,48.79773712,340.9003906
3/2/2022,163.5039673,39.18888092,50.16465378,357.3728333
3/3/2022,163.1800079,38.76917267,50.09317398,363.0283203
3/4/2022,160.1761322,37.3640213,50.48627472,370.7655029
3/7/2022,156.3771973,34.98258591,49.66434097,350.7382202
3/8/2022,154.5513,35.21068192,48.60119629,346.8696899
3/9/2022,159.9601593,37.44614029,49.95915985,350.6051636
3/10/2022,155.611496,37.10854721,48.87814713,359.4353638
3/11/2022,151.8909912,36.79832077,48.86027908,370.2046814
3/14/2022,147.8564148,37.59212494,48.51184464,374.3678589
3/15/2022,152.2444305,37.86585999,49.67327499,369.2446899
3/16/2022,156.6618347,39.0520134,49.86088943,368.9880676
3/17/2022,157.6729126,39.26187515,50.18250656,386.0496826
3/18/2022,160.9713135,39.14326859,50.00382996,392.7032471
3/21/2022,162.3455963,39.08851624,50.03063583,401.3909302
3/22/2022,165.7224884,40.3111763,50.18250656,406.3905945
3/23/2022,167.0869751,39.3166275,48.67266464,410.164093
3/24/2022,170.8761749,39.29837418,48.69053268,410.8294678
3/25/2022,171.5142365,39.90057755,49.1104393,414.8500977
3/28/2022,172.3781128,39.73634338,49.26231384,411.2001648
3/29/2022,175.6764679,39.63596725,49.73581696,392.4846191
3/30/2022,174.508255,39.23450851,50.07530594,395.9914551
3/31/2022,171.4062653,37.61038208,49.81621933,395.9056396
4/1/2022,171.1117249,37.31840134,49.72688675,397.1825562
4/4/2022,175.1659851,37.25453568,49.91448975,397.8020325
4/5/2022,171.8479919,36.62495422,49.40177155,394.2380676
4/6/2022,168.6772766,36.22348785,48.90703201,391.8937988
4/7/2022,168.9815979,35.9406395,49.14090347,390.1880798
4/8/2022,166.9691925,36.19610977,48.82607269,398.61203
4/11/2022,162.7088318,36.12311935,47.56673813,398.8121033
4/12/2022,164.5837708,35.73989105,46.61325073,399.9746704
4/13/2022,167.2734528,35.42054367,46.91009521,407.1788635
4/14/2022,162.2572632,34.28000641,46.02855682,416.1936035
4/18/2022,162.0413055,35.44791794,45.97458649,417.8136597
4/19/2022,164.328537,36.10487366,46.62224197,417.2132263
4/20/2022,164.1616364,36.18698883,47.69267273,416.8034668
4/21/2022,163.3665314,35.50266647,47.47679138,404.3867188
4/22/2022,158.8214569,34.27088165,46.19946289,384.5753174
4/25/2022,159.8914795,34.02453613,46.72119522,367.3652344
4/26/2022,153.9230499,33.25809097,45.78569031,363.8013
4/27/2022,153.6972656,33.07559967,44.35544968,367.3843384
4/28/2022,160.6375275,33.58656311,45.54281235,366.7077942
4/29/2022,154.757431,32.55551529,44.05860138,359.7799377
5/2/2022,155.0617371,32.97522354,44.85018158,363.2867126
5/3/2022,156.5538483,33.87853622,44.90416336,371.1103516
5/4/2022,162.973877,35.23804855,46.39735794,377.6950989
5/5/2022,153.8936005,34.25263596,44.62530136,365.0115967
5/6/2022,154.621048,34.17051697,44.37343597,359.6942444
5/9/2022,149.4893188,33.18508911,44.04061127,347.3727112
5/10/2022,151.8979034,32.62850952,44.57133102,347.5824585
5/11/2022,144.0232849,32.45514679,43.76176834,346.8962708
5/12/2022,140.1499329,31.99892998,43.43793106,345.8957214
5/13/2022,144.6230011,32.09017563,44.58033371,349.4310913
5/16/2022,143.0795135,31.76170158,44.07659149,356.8258972
5/17/2022,146.71698,32.83836746,45.51583099,366.1741333
5/18/2022,138.4393616,31.82557487,43.50090027,351.3179016
5/19/2022,135.0279846,31.43322563,37.52807236,347.4585266
5/20/2022,135.2639313,30.89489365,38.62548447,298.5635681
5/23/2022,140.6906433,32.72887421,38.99429321,319.5756836
5/24/2022,137.9871063,32.52814102,39.37208939,321.1671143
5/25/2022,138.1444092,32.70150375,39.57897568,326.8275757
5/26/2022,141.3492737,33.45882034,40.46951294,331.1538086
5/27/2022,147.1102753,33.77817535,41.03620148,343.7516174
5/31/2022,146.3237305,33.9424057,40.52347946,340.9404297
6/1/2022,146.1959686,33.45882034,40.68539429,335.5755005
6/2/2022,148.6537323,33.6790657,41.18912888,344.0851746
6/3/2022,142.9222412,33.2110405,40.70338058,344.0089111
6/6/2022,143.6694336,33.17433929,40.77534866,345.8289795
6/7/2022,146.1959686,33.35787964,40.99123383,350.526947
6/8/2022,145.4586029,32.93574142,40.40653992,338.3103027
6/9/2022,140.2286072,31.6693306,39.81285477,329.076416
6/10/2022,134.8117371,30.43962669,39.120224,319.4518433
6/13/2022,129.6504822,29.38429642,38.89535141,309.6080627
6/14/2022,130.5156097,28.87039375,38.59850311,311.2090149
6/15/2022,133.1404419,29.41182899,39.39907837,315.0207214
6/16/2022,127.8612366,29.22828865,38.96730804,302.6230164
6/17/2022,129.335907,29.29253006,39.03027344,307.5306396
6/21/2022,133.5730286,30.14597321,39.70491409,313.7723999
6/22/2022,133.0618439,29.9165535,39.19219208,302.9660645
6/23/2022,135.9324493,29.43935966,38.61649323,283.5072021
6/24/2022,139.2651672,29.65043068,39.6689415,296.2383423
6/27/2022,139.2651672,29.68712997,39.37208939,300.4884338
6/28/2022,135.1164856,29.60453987,38.73342896,294.6088562
6/29/2022,136.8762207,29.23747063,38.57151794,287.5503845
6/30/2022,134.4086609,28.56755447,38.35562515,286.4218445
7/1/2022,136.5812531,28.96216011,38.31964111,288.4877319
7/5/2022,139.1668396,28.66850471,38.08367157,279.4016418
7/6/2022,140.50383,28.42990494,38.74623108,276.5419617
7/7/2022,143.8758545,29.23747063,39.22727203,290.725769
7/8/2022,144.554184,29.17322922,39.38156128,291.3665466
7/11/2022,142.4208832,28.87039375,39.25450134,285.407959
7/12/2022,143.394165,28.77862358,38.90052414,283.0647888
7/13/2022,143.0303802,28.30142784,38.75530624,283.8490295
7/14/2022,145.9600372,27.64986992,38.41949081,281.5057373
7/15/2022,147.6312714,29.59536743,39.0911293,284.7289734
7/18/2022,144.5836792,29.60453987,38.66454315,284.9680481
7/19/2022,148.4472504,30.60481644,39.96243668,298.0137634
7/20/2022,150.4527893,30.61400032,40.05320358,301.6194763
7/21/2022,152.7237091,30.88012123,40.46163177,302.7480164
7/22/2022,151.4849854,30.67823029,40.35271835,298.6545715
7/25/2022,150.3643036,30.95353699,40.24380112,308.8883057
7/26/2022,149.0371094,30.32951355,39.78091812,305.5313416
7/27/2022,154.1393433,30.82505798,40.51608658,311.5185547
7/28/2022,154.6899109,30.57728958,41.4055481,317.1805725
7/29/2022,159.7626495,31.02696228,41.1786499,328.2273865
8/1/2022,158.7795715,30.93518257,41.09696198,323.4547729
8/2/2022,157.3049011,30.32033157,40.7702179,318.6917419
8/3/2022,163.3214417,30.87094879,41.48723984,321.8479309
8/4/2022,163.0068665,30.65070343,41.18772507,327.4622192
8/5/2022,162.780426,31.16460419,40.85190582,328.3516846
8/8/2022,162.3078766,30.73330116,40.86098099,328.7342529
8/9/2022,162.3571472,31.12789917,40.7702179,328.7055664
8/10/2022,166.6099701,32.18323517,41.76860428,337.0073853
8/11/2022,165.8716431,32.95409775,41.65967941,346.1507874
8/12/2022,169.4255524,33.31199646,42.30409622,352.1189575
8/15/2022,170.4985809,33.26611328,42.28594208,350.1008606
8/16/2022,170.341095,33.62400818,42.44931412,353.8596191
8/17/2022,171.8374786,33.41293716,42.34947586,348.8000793
8/18/2022,171.4437103,33.29364014,44.80911636,351.9563293
8/19/2022,168.854538,32.55949402,44.20101547,353.5535889
8/22/2022,164.9659576,31.86205482,43.30247879,353.5345154
8/23/2022,164.6312256,31.57756424,43.03018951,358.5461426
8/24/2022,164.9265747,31.67851448,42.72160339,364.7629089
8/25/2022,167.3876953,32.24747467,42.90312576,371.2379761
8/26/2022,161.0773315,31.2288456,41.65060806,362.8501282
8/29/2022,158.8721161,31.10954857,41.48723984,364.0265198
8/30/2022,156.4405365,31.28390694,41.0606575,352.673645
8/31/2022,154.7767639,30.84341812,40.58869171,349.3357239
9/1/2022,155.5052795,30.91732025,41.10604477,347.9202271
9/2/2022,153.3886871,30.88036537,40.47070313,346.4377136
9/6/2022,152.1285553,30.53858376,40.3617897,345.3282471
9/7/2022,153.536377,31.00968933,40.86098099,349.995697
9/8/2022,152.0596466,32.0073204,41.1786499,352.4249878
9/9/2022,154.924469,32.27519989,41.54169846,356.0307312
9/12/2022,160.8902588,32.58003235,42.11349487,357.7331848
9/13/2022,151.4492798,31.40689468,40.03504944,347.4707336
9/14/2022,152.8964539,31.28681374,39.89890671,345.1752625
9/15/2022,150.0021515,31.87799835,39.29080963,343.1380615
9/16/2022,148.3580933,31.51774025,39.29988098,339.0540771
9/19/2022,152.0793304,32.04426575,39.29988098,346.8872681
9/20/2022,154.4617462,31.5639267,38.64639664,340.0966492
9/21/2022,151.3311615,30.62172508,37.7478447,334.5684814
9/22/2022,150.3664093,30.02129364,37.3484993,331.0487671
9/23/2022,148.0923157,29.31002235,36.90377045,319.6577148
9/26/2022,148.4270172,28.66340637,36.83116531,317.7639465
9/27/2022,149.4016113,28.23849297,36.77669525,321.0541077
9/28/2022,147.5114594,28.70035744,37.52094269,330.8288574
9/29/2022,140.2658234,28.32162857,36.82208633,327.2113037
9/30/2022,136.0523376,27.89671326,36.30473328,320.3887329
10/3/2022,140.2363281,28.71883202,37.47555923,330.1379395
10/4/2022,143.8295898,29.91044998,38.30916595,345.7212524
10/5/2022,144.1249084,29.48552895,38.46490479,341.3840332
10/6/2022,143.1699829,29.06061363,38.03435898,341.0961304
10/7/2022,137.9129639,28.40476418,36.88929749,341.7486572
10/10/2022,138.2378845,28.32162857,36.54119492,345.1359253
10/11/2022,136.8202362,27.49951172,36.25722504,348.6383057
10/12/2022,136.1901245,27.5826416,35.97325134,346.6040344
10/13/2022,140.7679138,29.2730732,37.20075226,352.3230591
10/14/2022,136.2295837,29.28231049,36.82517624,342.6985779
10/17/2022,140.1969147,31.05587387,37.83282089,347.9282227
10/18/2022,141.516098,32.21978378,38.28168869,356.2956848
10/19/2022,141.6243896,31.33299065,38.36413193,356.3052063
10/20/2022,141.1616974,31.129776,38.20840836,350.7397766
10/21/2022,144.9813995,32.28443527,39.20690155,367.5704651
10/24/2022,147.1275177,32.39528656,39.88477707,370.2860718
10/25/2022,149.9726105,32.69088364,40.63593292,375.7940063
10/26/2022,147.0290985,32.9772377,40.65425873,375.3621216
10/27/2022,142.5498047,33.13426971,40.6908989,378.6343079
10/28/2022,153.319809,33.42062759,41.80847549,380.802887
10/31/2022,150.9570618,33.29130554,41.61611557,379.8145142
11/1/2022,148.3088837,33.43909836,41.64359283,372.9920959
11/2/2022,142.7761993,33.33749771,40.82830048,370.3435974
11/3/2022,136.7218018,33.15274811,40.16874695,377.7131042
11/4/2022,136.4555664,33.98410797,40.78250122,379.1141357
11/7/2022,136.9880371,34.18732834,40.8099823,382.6452637
11/8/2022,137.559967,34.27970123,40.86494827,388.2107239
11/9/2022,132.9943542,33.73469543,40.22371674,381.0332031
11/10/2022,144.8274841,35.22190475,41.82680893,391.1277771
11/11/2022,147.618103,35.48054886,41.02983856,389.6116943
11/14/2022,146.2178497,34.88012695,40.98403549,390.4849548
11/15/2022,147.9533844,34.82470322,41.13060379,390.5136719
11/16/2022,146.7207794,34.51063156,40.663414,389.9667053
11/17/2022,148.6239319,34.33512115,42.67872238,396.2902527
11/18/2022,149.1860046,34.35359573,43.77797699,397.5088806
11/21/2022,145.9516296,34.46444702,43.62225342,395.0524292
11/22/2022,148.0914307,34.63072205,44.31845856,399.7158813
11/23/2022,148.9690857,34.7415657,44.49250031,419.8283691
11/25/2022,146.0502472,34.82470322,44.33677673,423.6186218
11/28/2022,142.2142944,34.0487709,44.04363632,423.3691711
11/29/2022,139.2067261,34.17809296,44.22684479,423.138855
11/30/2022,145.971344,34.96325684,45.54595566,423.1676331
12/1/2022,146.2474213,33.95979691,45.77497482,423.9449158
12/2/2022,145.7543793,33.52310562,45.52763748,427.5912476
12/5/2022,144.5908508,32.02719879,45.18869781,419.2238464
12/6/2022,140.9225464,30.66137505,44.51081848,420.5288696
12/7/2022,138.9799042,30.41980553,44.13524246,422.8318176
12/8/2022,140.666153,30.14106369,44.87724686,425.0196228
12/9/2022,140.1829834,30.08531761,44.39173889,417.2279358
12/12/2022,142.4805603,30.41051102,45.16121292,419.3773499
12/13/2022,143.4469604,30.42908859,45.47267151,419.5116577
12/14/2022,141.2183685,29.99240303,45.16121292,420.7111206
12/15/2022,134.6016693,29.51854515,44.1077652,412.4109497
12/16/2022,132.6393585,29.45350647,43.7963028,413.6583862
12/19/2022,130.5291138,29.78799438,43.42072296,415.174469
12/20/2022,130.4601135,29.90878105,43.3932457,417.7556763
12/21/2022,133.5662842,30.36405563,43.6588974,423.7817688
12/22/2022,130.3910675,30.09460831,43.347435,418.2354431
12/23/2022,130.0261993,30.1689415,43.49401093,419.262207
12/27/2022,128.2216644,30.22468376,43.53981018,418.5137329
12/28/2022,124.2871475,30.44767952,43.11842728,412.7851257
12/29/2022,127.8074951,30.79145241,43.5123291,412.4580688
12/30/2022,128.1230469,30.77287102,43.64057541,412.5735474
1/3/2023,123.3306503,31.13523102,43.91538239,408.2722473
1/4/2023,124.6026993,31.72058487,43.906147,407.4927979
1/5/2023,123.2813416,31.65555,43.2875061,399.0731506
1/6/2023,127.8173447,31.97145081,44.61714554,410.3699036
1/9/2023,128.3399963,31.48830414,44.85722351,412.0346985
1/10/2023,128.9119263,31.70200539,45.06959915,420.9161377
1/11/2023,131.6335754,31.94358635,45.43894577,417.1152954
1/12/2023,131.5546722,32.02719879,45.24503708,419.6268005
1/13/2023,132.8858795,32.7333374,45.1342392,423.0331421
1/17/2023,134.0494537,32.0736618,44.39554596,421.6571045
1/18/2023,133.3296509,31.33035088,43.30596924,409.9079895
1/19/2023,133.3888092,30.87507629,42.89968491,393.1745605
1/20/2023,135.9526367,31.45114326,43.19516373,395.0990295
1/23/2023,139.147583,31.88783455,43.85999298,393.8866577
1/24/2023,140.547821,32.12011719,44.14623642,400.9398804
1/25/2023,139.887146,32.3988533,44.30321121,398.024292
1/26/2023,141.9579468,32.83554459,44.63562012,405.2989502
1/27/2023,143.9005432,32.93775177,44.79257965,402.3928833
1/30/2023,141.0112915,32.79838943,44.52480698,404.7215271
1/31/2023,142.2833252,32.96562576,44.94032288,406.8769531
2/1/2023,143.4075012,33.37444305,44.84799194,410.8703003
2/2/2023,148.7225494,33.569561,45.54051971,391.2019653
2/3/2023,152.3513641,33.84830856,44.90339279,390.7304993
2/6/2023,149.619873,33.79255295,43.92462158,394.7430115
2/7/2023,152.4992371,34.16421509,44.17393494,394.0598145
2/8/2023,149.807251,33.91333771,43.36137009,392.2988892
2/9/2023,148.7718506,33.18861771,43.14899826,392.606842
2/10/2023,149.1372375,33.05854034,43.63838196,402.0176392
2/13/2023,151.9420471,33.12358093,44.1924057,399.6504517
2/14/2023,151.3001099,33.09570313,44.04466248,393.8577881
2/15/2023,153.4036713,33.03995895,44.73719406,394.5602112
2/16/2023,151.8038025,32.77980042,47.08254242,387.747467
2/17/2023,150.6581573,32.84483719,46.87939835,416.9516907
2/21/2023,146.6386261,32.0736618,45.882164,411.0435486
2/22/2023,147.0633087,31.85995865,45.53128433,410.3121948
2/23/2023,147.5472107,31.83208656,45.43894577,409.0035706
2/24/2023,144.8906097,31.78562927,44.76488495,401.6616211
2/27/2023,146.0855713,31.78562927,44.99572754,405.712616
2/28/2023,145.5819092,31.86924362,44.70949173,403.4129028
3/1/2023,143.5079346,31.72058487,44.63562012,403.903656
3/2/2023,144.1005402,31.31847191,44.81105423,405.4335938
3/3/2023,149.1570282,31.94502258,45.50358582,414.0361328
3/6/2023,151.9223022,31.8795681,45.63285065,409.6386414
3/7/2023,149.7199554,30.86024094,45.16194534,402.3640442
3/8/2023,150.9742126,30.44877434,45.34661102,408.2722473
3/9/2023,148.7224579,28.5597496,45.06959915,405.5106201
3/10/2023,146.6583862,28.30725479,44.83875275,380.9828796
3/13/2023,148.6039581,26.66138077,44.70025635,383.1864319
3/14/2023,150.6976471,26.8951683,45.29121017,387.2567749
3/15/2023,151.0926971,26.64267159,45.30044556,375.7385864
3/16/2023,153.9172211,27.09155083,46.27921295,376.3448486
3/17/2023,153.0777588,26.0161171,46.34384918,370.9466553
3/20/2023,155.447998,25.9506588,47.03636932,379.6069031
3/21/2023,157.3047028,26.73618889,46.7870636,387.391449
3/22/2023,155.8726959,25.84778976,45.66978455,380.0591431
3/23/2023,156.9590302,25.22123337,45.91910553,377.0569153
3/24/2023,158.2626648,25.38021278,46.639328,371.9088135
3/27/2023,156.3170776,26.64267159,46.66703033,378.1731262
3/28/2023,155.69487,26.2966671,46.52852631,380.4248352
3/29/2023,158.7762146,26.81100655,47.24874496,385.6594238
3/30/2023,160.3464966,26.46499634,47.48882294,389.6748657
3/31/2023,162.8549957,26.74554253,48.27368927,398.5359497
4/3/2023,164.1092682,26.73618889,48.3013916,400.5726318
4/4/2023,163.575943,26.16574287,48.20836258,383.844696
4/5/2023,161.7291565,25.84778976,48.20836258,360.8329163
4/6/2023,162.6179657,26.03482437,47.69668961,356.8078308
4/10/2023,160.0205841,26.12833977,47.75251007,364.2209778
4/11/2023,158.8058472,26.84841156,47.09199142,367.5993347
4/12/2023,158.1145172,26.63332558,46.61754227,371.0357971
4/13/2023,163.5068054,26.7081356,47.25944901,371.3735657
4/14/2023,163.1611786,27.60588837,47.01756668,374.2982788
4/17/2023,163.1809235,28.400774,46.77568436,377.8215027
4/18/2023,164.4055481,28.57845688,46.80360413,382.9084167
4/19/2023,165.5511627,28.11087418,44.69180679,379.1246033
4/20/2023,164.5832977,27.9612484,43.33356857,376.7982788
4/21/2023,162.9735107,27.93319511,43.75220108,373.2654724
4/24/2023,163.2796478,27.83032799,44.08711624,374.55896
4/25/2023,161.7390289,26.96998024,43.80802155,366.2866516
4/26/2023,161.7291565,26.59591866,43.29636002,361.5954895
4/27/2023,166.3214874,27.0167408,43.31495667,358.9313965
4/28/2023,167.5756989,27.38145065,43.9568634,364.8870239
5/1/2023,167.4868469,27.15701103,44.04059982,368.8445435
5/2/2023,166.4498444,26.33407402,43.12889862,370.4662476
5/3/2023,165.3733826,26.05352592,42.75678253,368.9411316
5/4/2023,163.7339478,25.23993492,42.51489258,360.6109314
5/5/2023,171.4174805,25.91325378,43.02656555,367.8503723
5/8/2023,171.3483276,25.89455032,43.11029053,367.0395508
5/9/2023,169.6398163,25.86649513,43.2312355,368.1882019
5/10/2023,171.407608,25.54854012,43.45450211,367.1747131
5/11/2023,171.5952454,25.61400032,43.13820267,359.8387451
5/12/2023,170.6656189,25.33345222,43.45450211,360.9873962
5/15/2023,170.1711578,25.85713959,43.81732178,357.3483582
5/16/2023,170.1711578,25.58594513,43.6498642,350.0799866
5/17/2023,170.7843018,26.71748924,44.31038284,355.2827454
5/18/2023,173.1182556,26.62397194,44.8406601,357.6476135
5/19/2023,173.2270203,26.28731346,45.70584869,350.9197388
5/22/2023,172.2776031,26.50240326,45.41744995,347.975708
5/23/2023,169.6667633,26.72683907,45.50117493,347.9564209
5/24/2023,169.9436798,26.27796745,45.03602219,341.7787476
5/25/2023,171.0809784,26.34342575,45.61280823,342.5509033
5/26/2023,173.4940338,26.47434807,46.38496399,344.7999878
5/30/2023,175.3434296,26.42759132,46.67335129,338.4486694
5/31/2023,175.2939758,25.98806572,46.20819855,333.9601746
6/1/2023,178.1026154,26.18601418,46.27333069,340.321167
6/2/2023,178.9531555,27.06265068,46.53380966,358.1784668
6/5/2023,177.5982666,26.90240479,46.71057129,351.0162354
6/6/2023,177.2323456,27.55281639,46.33845139,360.7074585
6/7/2023,175.8576965,27.78846931,46.31053162,368.5550232
6/8/2023,178.5773468,27.55281639,46.21750641,367.5414734
6/9/2023,178.963028,27.59051895,46.19889832,365.7075195
6/12/2023,181.761795,27.45855331,46.96175003,373.680603
6/13/2023,181.2871094,27.71306038,47.25944901,384.4045715
6/14/2023,181.9200592,27.4491272,47.40829468,385.1864319
6/15/2023,183.9573212,27.68478203,48.31069183,392.3969116
6/16/2023,182.8793335,27.51511002,48.44093704,393.4683533
6/20/2023,182.968338,27.21346855,47.95717621,393.8061829
6/21/2023,181.9299469,26.93068314,47.30596542,402.1170349
6/22/2023,184.9363861,26.35569,47.55714417,401.2483215
6/23/2023,184.6198883,26.15773392,46.82221222,390.3988342
6/26/2023,183.2254791,26.47822762,46.71057129,395.9394226
6/27/2023,185.9846649,26.61962318,47.31526947,395.2830505
6/28/2023,187.1615448,26.45937347,47.32456589,391.1227722
6/29/2023,187.4978027,27.0155201,47.64086914,388.8763733
6/30/2023,191.8294678,27.04380035,48.13393402,392.3233643
7/3/2023,190.3361359,27.52453613,48.20836258,393.5724487
7/5/2023,189.2185974,27.41142082,48.28334427,391.8102112
7/6/2023,189.6932831,26.65732574,47.90840912,388.4310608
7/7/2023,188.5757599,26.89297867,47.79592133,392.4104614
7/10/2023,186.5286102,27.0155201,48.180233,394.1630554
7/11/2023,186.0044861,27.35486603,48.85514069,400.6599731
7/12/2023,187.6758118,27.67535591,47.56158447,394.7246094
7/13/2023,188.4373016,27.96756935,48.30209351,396.5448914
7/14/2023,188.5856476,27.43969917,47.22412491,401.4442444
7/17/2023,191.8492737,27.71306038,47.62720108,407.2440491
7/18/2023,191.5921021,28.93846893,48.03025818,417.8560181
7/19/2023,192.946991,29.72084427,49.14571762,422.3196106
7/20/2023,190.998703,29.87166595,49.08947372,425.6697693
7/21/2023,189.8218842,30.14502335,49.3331871,423.055481
7/24/2023,190.6229401,30.77657509,49.7831192,428.5357971
7/25/2023,191.4833069,30.30526924,50.24242401,432.1570129
7/26/2023,192.3536377,30.5503521,49.88623047,419.2018738
7/27/2023,191.0877533,30.116745,49.68000412,415.0093384
7/28/2023,193.6689301,30.06961441,48.82701492,413.5473328
7/31/2023,194.282074,30.16387558,48.78014755,415.9582825
8/1/2023,193.4513702,29.80568314,49.36130905,419.6763
8/2/2023,190.4548035,29.40035439,49.28632355,416.8587341
8/3/2023,189.0603485,29.60773087,49.82061768,410.4779968
8/4/2023,179.9816742,29.50404167,49.3331871,410.5748291
8/7/2023,176.8763428,30.05076218,49.68938446,417.6139221
8/8/2023,177.8158112,29.47576141,49.73625946,416.7909241
8/9/2023,176.223587,29.08928871,49.67063904,422.242157
8/10/2023,176.0060425,29.16469574,50.0268364,420.7704468
8/11/2023,176.0654449,29.49461365,50.4205246,421.2545776
8/14/2023,177.7192688,29.15527153,50.50489426,423.7429504
8/15/2023,175.7287445,28.22207642,50.00807953,417.972168
8/16/2023,174.8572998,27.60937119,49.64251328,410.4779968
8/17/2023,172.3122101,27.59994507,51.30163956,405.849762
8/18/2023,172.7974548,27.43969917,51.59222412,384.4128113
8/21/2023,174.1343689,27.47740555,51.9671669,378.3806458
8/22/2023,175.5108643,26.80814552,51.98591232,372.9778137
8/23/2023,179.3631592,26.81757164,52.47334671,381.7597961
8/24/2023,174.6691132,26.97781754,51.77969742,374.3624573
8/25/2023,176.8775024,26.86470032,52.21087646,377.8190308
8/28/2023,178.4421692,27.10978317,52.6795578,382.1567993
8/29/2023,182.3340454,27.4962616,53.01700592,391.2680054
8/30/2023,185.8298035,27.37371826,53.2513504,400.1468201
8/31/2023,186.0476685,27.2501564,53.7575264,397.8907776
9/1/2023,187.6222382,27.54480362,54.21683121,405.5979919
9/5/2023,187.8599243,27.23114777,53.67315292,401.2699585
9/6/2023,181.1358032,26.98402214,53.57942581,401.1344299
9/7/2023,175.8376617,26.73689842,53.23260117,398.6557007
9/8/2023,176.4516602,26.95550919,53.12011337,386.9690247
9/11/2023,177.620224,27.06956291,53.27947235,387.6564331
9/12/2023,174.5899048,27.5352993,52.8576622,389.4864502
9/13/2023,172.5201569,27.44975471,52.75454712,389.4573975
9/14/2023,174.0353394,27.75390816,52.83891296,398.6072693
9/15/2023,173.3124084,27.41173744,52.52958679,399.0236511
9/18/2023,176.2437134,27.33569908,52.59519577,397.7939453
9/19/2023,177.3330231,27.23114777,52.34210968,386.0297852
9/20/2023,173.7877655,27.13609886,52.02340317,389.5541992
9/21/2023,172.2428589,26.66085815,49.99871063,375.330658
9/22/2023,173.0945587,26.27116585,50.21430969,368.7756653
9/25/2023,174.3720398,26.23314476,50.12994766,372.1839294
9/26/2023,170.2919769,25.82444191,49.40817642,367.5750427
9/27/2023,168.776825,25.91948891,49.86748123,372.1548462
9/28/2023,169.034317,26.19512749,50.50489426,373.8260193
9/29/2023,169.5492706,26.02404022,50.39239883,366.6843872
10/2/2023,172.0646362,25.37771797,50.98294067,363.2447205
10/3/2023,170.7277222,24.62684059,50.65249252,362.2147827
10/4/2023,171.9755096,24.65535736,50.46366882,366.315155
10/5/2023,173.2133942,24.76941109,50.10490036,365.0422974
10/6/2023,175.7683716,24.77891731,50.46366882,367.811554
10/9/2023,177.2537842,25.00703049,50.90740585,372.086853
10/10/2023,176.6596375,25.672369,50.86019897,379.7628784
10/11/2023,178.0559387,25.68187332,50.6619339,378.3248596
10/12/2023,178.9571533,25.56781387,50.84132004,371.4455261
10/13/2023,177.1151886,25.4347477,50.76579666,369.8713989
10/16/2023,176.9864197,25.65335274,51.13399506,379.4714355
10/17/2023,175.4316559,26.2521553,50.9262886,380.0349121
10/18/2023,174.1343689,25.95750618,50.76579666,371.3969727
10/19/2023,173.7580566,25.62483978,50.34093094,370.5612488
10/20/2023,171.2030945,25.00703049,49.9727211,364.5175781
10/23/2023,171.3218994,24.30368042,49.2835083,362.6908569
10/24/2023,171.7576447,24.20863152,50.04825211,362.9823914
10/25/2023,169.4403381,24.28466988,49.472332,361.3694153
10/26/2023,165.2711945,24.82644463,48.49987793,359.0665588
10/27/2023,166.5882721,23.92348862,48.6792717,350.9143372
10/30/2023,168.6381836,24.41773605,48.68870544,357.375885
10/31/2023,169.1135712,25.03554535,49.2174263,355.0050659
11/1/2023,172.2825012,25.09257507,49.27406311,359.9702454
11/2/2023,175.8476105,26.2521553,49.80278397,362.9726257
11/3/2023,174.9365082,27.01253891,50.04825211,371.3677673
11/6/2023,177.4914856,26.92699242,50.312603,367.5297241
11/7/2023,180.0563507,26.76541519,50.16154861,358.7751465
11/8/2023,181.1159821,26.50878334,50.0388031,358.9013672
11/9/2023,180.640625,26.16661263,49.09468079,359.1442871
11/10/2023,184.8351288,26.30918503,49.65171432,363.3904724
11/13/2023,183.2485504,26.32819366,49.31183243,359.2803345
11/14/2023,185.866394,27.77291679,50.19931412,364.3329773
11/15/2023,186.4316101,28.1531086,50.30316544,370.07547
11/16/2023,188.1173248,28.07706833,45.35593414,367.8309021
11/17/2023,188.0975037,28.49527931,45.09157562,373.2625427
11/20/2023,189.8427124,28.52379417,45.57308578,369.5507202
11/21/2023,189.0395203,28.19112778,45.12934113,371.8050537
11/22/2023,189.7039032,28.16261673,45.39369965,360.2520142
11/24/2023,188.3751526,28.25766373,45.65805054,359.6981812
11/27/2023,188.1966705,28.09608078,45.25207901,351.9443359
11/28/2023,188.8015289,28.06756783,45.17654419,349.8164063
11/29/2023,187.7801971,28.80893707,45.36537552,353.6253052
11/30/2023,188.3553314,29.21132469,45.6769371,354.0820007
12/1/2023,189.6345062,29.66161156,45.76190948,358.3572998
12/4/2023,187.8396759,29.52748299,45.36537552,358.473877
12/5/2023,191.7961884,29.2975502,45.25207901,350.9046936
12/6/2023,190.7054443,29.24964523,45.034935,355.1799622
12/7/2023,192.6390533,29.3741951,45.56364441,350.9823914
12/8/2023,194.0669708,29.66161156,45.6769371,353.3629456
12/11/2023,191.558197,29.55622673,46.63050842,350.7977905
12/12/2023,193.0753632,29.45084,46.57386398,349.2042847
12/13/2023,196.2980652,30.69631958,46.91374207,366.3248901
12/14/2023,196.4468079,32.51663589,46.67770767,377.411499
12/15/2023,195.9113617,32.19089508,47.08368683,375.1281433
12/18/2023,194.2454529,32.02802658,47.43301773,371.9118958
12/19/2023,195.2866669,32.10466766,47.37636948,382.7750854
12/20/2023,193.1943665,31.59689903,47.0175972,376.2843628
12/21/2023,193.0455933,31.80767059,46.92319107,382.1920471
12/22/2023,191.9746704,32.02802658,47.29139328,385.5733948
12/26/2023,191.429306,32.43999863,47.47077942,389.8973083
12/27/2023,191.5284576,32.42083359,47.62183762,390.2568054
12/28/2023,191.9548492,32.45915604,47.65960693,389.3693542
12/29/2023,190.9136505,32.25795746,47.69737625,389.9642639
1/2/2024,184.0815125,32.47831345,47.68793106,390.9785461
1/3/2024,182.703186,32.12382889,48.05900574,383.6057739
1/4/2024,180.3828278,32.38251114,47.64987183,382.6695862
1/5/2024,179.6589508,32.9860878,47.65938568,386.151123
1/8/2024,184.0021667,32.72741318,48.01143265,388.1210632
1/9/2024,183.5857239,32.21963501,47.48812485,383.4790039
1/10/2024,184.6269073,32.19089508,47.80211258,383.9568481
1/11/2024,184.0319214,31.75976563,47.99240112,380.5532837
1/12/2024,184.3591614,31.42444801,47.89725494,376.9352417
1/16/2024,182.0883789,30.77296448,48.13512421,375.8039246
1/17/2024,181.146347,30.46638489,47.85919571,369.230896
1/18/2024,187.046402,30.3993187,48.28736115,371.9421082
1/19/2024,189.9518127,30.8687706,48.78212738,373.2391357
1/22/2024,192.2622375,31.18492889,49.06756973,375.0627747
1/23/2024,193.5413971,31.39570618,49.24834824,377.8616943
1/24/2024,192.8671265,31.59689903,48.82018661,378.788147
1/25/2024,192.5398712,31.98970413,49.79069138,383.274231
1/26/2024,190.8045654,32.02802658,49.60991287,383.8690796
1/29/2024,190.1203613,32.20047379,49.75263596,387.8285217
1/30/2024,186.4613495,33.33098984,49.70506287,387.0971069
1/31/2024,182.8518829,32.58370209,47.74501801,383.8300476
2/1/2024,185.2912903,32.14299393,47.74501801,383.9275818
2/2/2024,184.2897339,32.06635284,47.74501801,382.8744202
2/5/2024,186.1043854,31.60648346,47.1075325,376.4671326
2/6/2024,187.7107849,31.65438271,47.55472183,379.2660217
2/7/2024,187.8198853,31.78851128,47.35491943,376.3890991
2/8/2024,186.7390137,31.7310257,47.52618027,376.2720032
2/9/2024,187.5035095,31.68312454,47.69744873,371.8445435
2/12/2024,185.8156281,32.2100563,47.5642395,379.7438965
2/13/2024,183.7206726,31.37654114,47.23122406,369.8745422
2/14/2024,182.8370209,31.74060631,47.84016037,375.2481079
2/15/2024,182.5490875,32.64118195,46.67936707,355.6264648
2/16/2024,181.0101471,32.66034698,46.08945084,351.7450562
2/20/2024,180.2654877,32.53580093,45.93721771,348.5268555
2/21/2024,181.0200806,32.28669357,46.12751389,348.4390869
2/22/2024,183.0554504,32.20047379,46.2131424,347.9416809
2/23/2024,181.2186432,32.49747467,46.48907089,355.6264648
2/26/2024,179.8683319,32.20047379,46.0513916,354.2124329
2/27/2024,181.3278656,32.84237671,45.96576691,351.7256165
2/28/2024,180.1264954,32.87112427,45.72789383,355.7727661
2/29/2024,179.4612732,33.30528641,46.02284622,356.0068359
3/1/2024,178.3790283,33.14126968,46.0513916,358.7374573
3/4/2024,173.8515625,33.91311646,46.74597931,355.3924866
3/5/2024,168.9070282,34.14467621,46.57470322,357.6452332
3/6/2024,167.9141693,34.17361832,46.7840271,357.5476685
3/7/2024,167.7950439,34.37622833,46.52713394,366.0224304
3/8/2024,169.5126801,34.34727859,47.09801483,364.8326416
3/11/2024,171.5183105,34.62707901,47.78308105,365.7591553
3/12/2024,171.994873,34.69461441,47.64036179,363.4185486
3/13/2024,169.9098663,34.81039429,47.67841721,369.4649658
3/14/2024,171.76651,34.43411255,47.37393951,370.8108215
3/15/2024,171.3892365,34.16396713,46.55567551,373.8924866
3/18/2024,172.4813843,34.74285126,46.87917709,375.7649231
3/19/2024,174.8245544,34.76215363,46.75548172,381.8113708
3/20/2024,177.3961029,35.45681763,47.14559174,384.2884216
3/21/2024,170.1481323,36.19007111,47.45958328,387.7895203
3/22/2024,171.051651,35.7462616,47.36442947,388.979248
3/25/2024,169.6318665,35.56294632,47.26928329,388.1697998
3/26/2024,168.5,35.78484726,47.14559174,388.6476746
3/27/2024,172.0743103,36.47951508,47.35491943,400.4818726
3/28/2024,170.2573547,36.58564377,47.48812485,402.0480042
4/1/2024,168.8177032,36.19972229,47.61181641,395.587677
4/2/2024,167.6362,35.98746109,46.96481323,395.4506226
4/3/2024,168.4403992,36.12253952,46.75377655,397.4376526
4/4/2024,167.6163177,35.62083435,46.14944839,398.4947815
4/5/2024,168.3708954,35.80414581,46.57151413,403.8099365
4/8/2024,167.2489624,36.18042374,46.27415085,402.0578308
4/9/2024,168.4602661,36.40232849,47.97201538,402.7723694
4/10/2024,166.583725,35.3603363,47.20462036,403.2519531
4/11/2024,173.7919617,35.07088852,47.51158142,404.1035156
4/12/2024,175.291214,34.5306015,46.51396561,388.8630066
4/15/2024,171.4587402,34.68496704,46.27415085,385.4664612
4/16/2024,168.1723328,33.45965576,45.96718979,384.6932373
4/17/2024,166.8021545,33.99029922,45.84248734,388.4813232
4/18/2024,165.848999,34.51130676,46.14944839,392.1225891
4/19/2024,163.8235626,35.66907501,46.3508873,391.8485107
4/22/2024,164.6575775,36.40232849,46.17822647,391.1535339
4/23/2024,165.7099915,37.01980972,46.3508873,388.8043213
4/24/2024,167.8149109,36.97156906,46.37966919,386.2690735
4/25/2024,168.6787109,36.57600021,46.13985443,385.7209778
4/26/2024,168.0928955,36.49881744,45.90963364,385.0063782
4/29/2024,172.2629547,36.22866058,45.83289719,392.4749451
4/30/2024,169.1155548,35.70766449,45.06549454,383.1270447
5/1/2024,168.0928955,35.64977264,44.93120193,379.2998047
5/2/2024,171.7963104,35.58224106,44.88324356,387.5807495
5/3/2024,182.0724945,35.93922424,45.19979095,392.4749451
5/6/2024,180.4144287,36.3637352,45.19020462,393.3363037
5/7/2024,181.0995026,36.50845718,45.35326767,396.9874268
5/8/2024,181.4370728,36.38303375,46.04393005,396.8406067
5/9/2024,183.2540436,36.93297577,45.84248734,400.3448181
5/10/2024,181.9913788,37.09699631,46.10149002,399.2583313
5/13/2024,185.2026825,36.86543655,46.69622421,399.3561707
5/14/2024,186.3460541,37.1355896,46.95521927,404.0447998
5/15/2024,188.622818,37.54080582,47.64587402,405.2585449
5/16/2024,188.7421112,37.83989716,46.37007523,386.0831604
5/17/2024,188.7719116,37.90743637,46.20699692,388.6183167
5/20/2024,189.9351654,37.45397949,45.20938492,383.1955566
5/21/2024,191.2375793,38.25476837,45.02712631,378.5558777
5/22/2024,189.7959747,38.36089325,45.49715805,377.8413391
5/23/2024,185.7992249,37.79165268,44.70097733,371.2145996
5/24/2024,188.8812866,38.30300522,44.52832031,367.025177
5/28/2024,188.8912506,37.93638229,44.3940239,361.4555664
5/29/2024,189.1894989,37.35749435,44.20217896,357.2563477
5/30/2024,190.1837158,37.2706604,44.24054337,360.5550232
5/31/2024,191.1381531,38.58280563,44.60505676,366.8294373
6/3/2024,192.9078827,38.47667313,44.74894714,360.3298645
6/4/2024,193.2260284,38.28371048,45.48756409,361.5534363
6/5/2024,194.7372284,38.55385971,44.14461517,363.1391907
6/6/2024,193.3552704,38.30300522,44.34606171,363.4132385
6/7/2024,195.7513428,38.61362839,43.97195816,360.7801514
6/10/2024,192.0031281,38.50684357,43.98154831,360.5061035
6/11/2024,205.9519806,37.72060013,43.90480804,357.4031982
6/12/2024,211.8377686,38.25447083,43.76092148,362.2582092
6/13/2024,213.0009918,38.10887146,43.66499329,369.9519043
6/14/2024,211.2611237,38.08945847,43.81847382,370.0008545
6/17/2024,215.4169464,38.35153961,43.82806778,371.1950073
6/18/2024,213.050705,38.81747055,44.09665298,374.6600952
6/20/2024,208.4673462,38.81747055,44.81609726,373.4561768
6/21/2024,206.2900391,38.33213043,45.36286545,367.1035156
6/24/2024,206.936264,38.84658813,45.35326767,370.1672363
6/25/2024,207.8609009,38.22535324,45.44919968,361.6513062
6/26/2024,212.0167084,37.8564949,44.95038605,368.2878723
6/27/2024,212.8618011,38.09916687,45.51634598,368.8164673
6/28/2024,209.4019165,38.60391998,45.57389832,367.1557312
7/1/2024,215.4964905,38.83687973,45.58349609,354.7347717
7/2/2024,218.9961243,39.72990417,45.35326767,358.6261597
7/3/2024,220.2687073,39.70078278,45.17101669,356.50354
7/5/2024,225.0310059,39.22515488,45.13231659,353.7913818
7/8/2024,226.5024719,39.42899704,44.56151199,348.8485107
7/9/2024,227.3574677,40.20553589,44.30996704,342.7952576
7/10/2024,231.6325989,40.51615906,44.76467896,345.4386597
7/11/2024,226.2539215,40.58410645,45.2387352,355.334198
7/12/2024,229.2067261,40.37055969,45.83856583,358.9995422
7/15/2024,233.0444031,40.66176224,45.8579216,365.2296753
7/16/2024,233.4619751,42.83607864,45.87726593,370.9685059
7/17/2024,227.5563354,42.69047928,46.94147873,378.4564819
7/18/2024,222.8834991,41.74892044,46.47709656,374.0442505
7/19/2024,223.0127563,41.64214706,45.78051758,371.5089417
7/22/2024,222.6647949,41.05973816,45.29678345,372.6783447
7/23/2024,223.7087097,41.16651535,44.85175323,365.0822754
7/24/2024,217.276123,40.95296097,45.32581329,362.9891968
7/25/2024,216.2322083,40.45791626,45.703125,375.0760498
7/26/2024,216.6994934,40.44820404,46.32229614,379.8518372
7/29/2024,216.9778748,39.88521194,46.42872238,370.2413025
7/30/2024,217.5346222,40.06964493,46.57384491,365.3279419
7/31/2024,220.7956543,39.1280899,46.87375641,365.5343323
8/1/2024,217.097168,38.34183502,45.8482399,351.7081604
8/2/2024,218.588501,36.47813416,45.14199448,347.6202087
8/5/2024,208.0597534,35.57540131,43.28445816,338.8645935
8/6/2024,206.0315399,35.83748245,43.69078827,340.0634766
8/7/2024,208.6065674,36.20634079,43.65209198,339.9848633
8/8/2024,212.0763702,37.08965683,44.33899307,343.0900879
8/9/2024,214.9894409,37.15760803,43.9907074,340.0339661
8/12/2024,216.5223083,37.05083084,43.40055084,339.0316772
8/13/2024,220.2449646,37.3323288,43.89395523,344.5149231
8/14/2024,220.6929016,37.67206955,43.96168137,345.1929932
8/15/2024,223.6790009,37.88561249,46.9511528,366.7921448
8/16/2024,225.0028381,38.18653107,47.85089874,371.3713989
8/19/2024,224.8435669,38.50684357,48.35398483,366.4482117
8/20/2024,225.4606934,37.55558395,48.60552597,366.133728
8/21/2024,225.3512115,37.61382294,48.80869293,370.5164795
8/22/2024,223.4898682,38.08945847,48.58617783,370.0643921
8/23/2024,225.7891693,38.60391998,49.08926392,374.5748901
8/26/2024,226.127594,38.74951935,49.13763046,376.4518127
8/27/2024,226.9736633,38.50684357,49.06023407,369.4650269
8/28/2024,225.4407806,38.77864075,48.22821045,371.4008789
8/29/2024,228.7254944,38.9921875,48.75064087,375.2037964
8/30/2024,227.9391785,39.55518341,48.89575958,379.0558777
9/3/2024,221.7380371,39.50664902,48.43138123,379.0067749
9/4/2024,219.8269196,39.31251907,48.08308792,385.1582947
9/5/2024,221.3498383,38.9630661,47.53163528,377.0414124
9/6/2024,219.7970734,37.86882019,46.92213058,374.9483032
9/9/2024,219.8866425,38.5625,47.11562347,380.52005
9/10/2024,219.0903473,38.37686539,47.20269775,380.5888062
9/11/2024,221.6285248,38.103302,47.51228714,381.8564758
9/12/2024,221.7380371,37.88835907,47.99601746,380.2940063
9/13/2024,221.4692841,37.76135635,48.17983627,387.8409424
9/16/2024,215.3179169,38.20100021,49.36981583,387.8212891
9/17/2024,215.7857208,38.64065552,48.96348572,390.9855042
9/18/2024,219.6676636,38.70904922,48.9247818,394.1202087
9/19/2024,227.8097534,39.9303093,49.76647949,402.6301575
9/20/2024,227.142868,39.34410858,50.27923965,398.85672
9/23/2024,225.4208832,38.95330048,50.49208069,401.863678
9/24/2024,226.3167114,38.54296112,50.81134415,403.7701111
9/25/2024,225.3213501,38.34755707,50.93711853,399.8786926
9/26/2024,226.4660034,38.61135101,51.13060379,404.3400269
9/27/2024,226.7347565,38.49411011,51.29507828,410.7568665
9/30/2024,231.9206543,38.76767349,51.48857498,411.5457458
10/1/2024,225.1621094,38.31824493,51.02418518,410.6680908
10/2/2024,225.7294617,38.32801437,51.29714966,410.7174072
10/3/2024,224.624588,38.34755707,51.11192703,403.0747986
10/4/2024,225.7493591,39.18778229,51.42388153,402.3352356
10/7/2024,220.6630249,39.04122925,51.18991089,400.412262
10/8/2024,224.7241211,39.01192474,51.40438461,394.7320557
10/9/2024,228.4766693,39.26594162,52.21352386,399.8600464
10/10/2024,227.9789734,39.05100632,52.19402695,400.1361694
10/11/2024,226.4958801,40.98548126,52.88617325,405.3823853
10/14/2024,230.2285156,40.94639587,52.90567017,402.0689697
10/15/2024,232.7667084,41.17110443,52.72045135,396.4183655
10/16/2024,230.7062683,41.81593323,54.9626236,403.696106
10/17/2024,231.0745697,41.62052917,54.98212051,399.5247498
10/18/2024,233.9113617,41.34697342,55.33306885,403.0649719
10/21/2024,235.3845215,40.79984283,55.16734314,401.3194885
10/22/2024,234.767395,41.32742691,55.17709351,401.0138245
10/23/2024,229.6910095,41.3665123,54.86513901,402.9762268
10/24/2024,229.5018921,41.669384,54.55318069,405.3725281
10/25/2024,230.3380127,40.92685699,54.33871841,402.276062
10/28/2024,232.3187714,41.64006805,53.89027405,406.6347961
10/29/2024,232.5875244,41.5521431,54.28022385,400.412262
10/30/2024,229.0340729,41.33720016,54.19248581,399.0809631
10/31/2024,224.8634796,40.8584671,53.39310074,399.0809631
11/1/2024,221.8773956,40.79984283,54.10474777,394.8701477
11/4/2024,220.9815369,40.37973404,54.42645264,396.1126709
11/5/2024,222.4148712,40.91709137,54.74815369,394.8208313
11/6/2024,221.6882629,44.36592865,56.41516495,400.0868225
11/7/2024,226.4261932,43.74063873,56.61988831,405.4612732
11/8/2024,226.1571655,44.09236526,56.60038757,388.5982971
11/11/2024,223.4368134,45.02052307,57.15606308,397.0692444
11/12/2024,223.4368134,44.80558014,57.23404312,388.292572
11/13/2024,224.3236542,44.81534576,57.69223404,384.0521851
11/14/2024,227.4127045,44.8446579,56.46390915,389.1702576
11/15/2024,224.2041016,45.67511368,56.01547241,393.4205322
11/18/2024,227.2134247,45.64580154,55.86924744,398.9232178
11/19/2024,227.4724884,45.34293365,55.57678986,394.5447083
11/20/2024,228.1899414,45.00098038,56.05447006,399.347229
11/21/2024,227.7116547,45.39178467,56.11296082,431.475708
11/22/2024,229.0568695,45.91936493,57.07807159,440.4593811
11/25/2024,232.0462494,46.40787125,57.26329803,456.2770996
11/26/2024,234.2285004,46.6521225,58.09192657,454.6499634
11/27/2024,234.0989532,46.67166138,57.79946899,459.5411987
11/29/2024,236.4904785,46.41764069,57.72148132,459.4425964
12/2/2024,238.7424774,45.9584465,57.93595123,456.5334778
12/3/2024,241.7916565,45.74350739,57.98469162,452.8847656
12/4/2024,242.1503754,45.3038559,58.12117386,449.9362183
12/5/2024,242.1802826,45.91936493,58.51111603,441.9090271
12/6/2024,241.9809875,45.92919159,58.38438797,437.8461304
12/9/2024,245.8771515,45.10394287,57.46801758,443.1811523
12/10/2024,246.8935547,44.94675064,57.24380112,437.8066711
12/11/2024,245.6180878,45.27095795,57.11706543,441.820282
12/12/2024,247.0828857,45.27095795,57.37053299,433.3887634
12/13/2024,247.2522888,44.8681488,57.14631271,434.3354492
12/16/2024,250.1519623,44.67166519,56.8830986,432.3434753
12/17/2024,252.5833435,44.25904083,57.04882431,437.441803
12/18/2024,247.1725616,42.73625183,56.08371353,420.0955811
12/19/2024,248.9063873,42.61835861,56.18120193,420.7168884
12/20/2024,253.5897675,43.39448929,57.04882431,426.495636
12/23/2024,254.3670197,43.11940384,57.49726105,426.3871765
12/24/2024,257.2866516,43.60080338,58.34538651,426.8408203
12/26/2024,258.1037292,43.76781845,58.47212219,427.8269653
12/27/2024,254.6858673,43.56150436,58.11142349,424.0993347
12/30/2024,251.3078613,43.13905334,57.70198441,418.7544556
12/31/2024,249.5341797,43.17835236,57.71173096,419.4276428
1/2/2025,242.9874115,43.51238251,57.61424255,413.9632263
1/3/2025,242.4991455,44.02325439,57.7712822,417.9625244
1/6/2025,244.1333466,44.60289383,57.68294907,413.7850952
1/7/2025,241.3532104,45.27095795,57.83999252,409.1027832
1/8/2025,241.8414764,45.3986702,58.10499573,405.8657532
1/10/2025,236.0121918,44.31798553,57.65350723,404.4501648
1/13/2025,233.5708466,44.26886368,57.67313385,425.5749817
1/14/2025,232.4548035,44.97622299,58.23258972,427.9507446
1/15/2025,237.0285645,46.2730484,58.87056732,424.5553894
1/16/2025,227.4525604,45.82112503,58.71352768,434.6822205
1/17/2025,229.1664734,45.71305466,59.11594009,450.8475647
1/21/2025,221.8524323,45.84077072,59.90114594,458.4797974
1/22/2025,223.0382385,44.98604584,60.49004745,455.1141052
1/23/2025,222.8688507,45.57551193,61.07894897,469.933136
1/24/2025,221.9919434,45.70323181,61.07894897,473.9422913
1/27/2025,229.0469055,46.26322174,57.98722076,479.2680359
1/28/2025,237.4171753,46.01760864,58.33074188,475.1499939
1/29/2025,238.5132904,45.92919159,58.44852066,473.3384705
1/30/2025,236.7495575,45.89971542,59.35150528,475.1499939
1/31/2025,235.1651917,45.48709488,59.47909927,471.7545776
2/3/2025,227.2034302,45.3986702,59.91096497,462.3404541
2/4/2025,231.9765167,45.88989639,60.20541382,467.507843
2/5/2025,231.6476746,46.28286743,61.41265869,462.9641113
2/6/2025,232.3950195,46.90180969,61.11821365,460.2913818
2/7/2025,226.8248138,46.56777954,61.11821365,460.9050903
2/10/2025,227.0941162,45.85058975,61.64822388,465.2409668
2/11/2025,232.0519867,45.9684906,61.2752533,469.5173645
2/12/2025,236.2916107,45.3986702,61.37340164,471.7545776
2/13/2025,240.9402313,45.51656342,62.65916824,461.5188599
2/14/2025,244.0027466,46.13550568,63.67012024,475.3776855
2/18/2025,243.8730621,45.71305466,63.395298,496.5025024
2/19/2025,244.2720795,45.20217896,63.64066696,504.1347351
2/20/2025,245.2297516,44.50465393,63.47381592,490.7906799
2/21/2025,244.9504242,44.02325439,62.79658127,485.0392761
2/24/2025,246.4966431,43.67939758,62.07027054,479.664032
2/25/2025,246.4367828,43.1685257,63.0812149,482.6733704
2/26/2025,239.7731018,43.1685257,62.89473343,473.6948242
2/27/2025,236.7205658,43.34536362,62.62972641,475.7043457
2/28/2025,241.2494812,45.29059982,62.92417908,475.9419556
3/3/2025,237.4487762,44.76008606,62.30583191,461.1327515
3/4/2025,235.3539124,41.92082214,62.08989716,453.7579041
3/5/2025,235.1643829,41.54750061,62.77695084,462.7859497
3/6/2025,234.7553864,40.73206711,62.2371254,477.9712524
3/7/2025,238.4862518,40.92980194,62.7573204,494.5820313
3/10/2025,226.9245453,39.37763214,60.91209793,483.8513489
3/11/2025,220.3007507,39.16012955,59.54780197,470.7052612
3/12/2025,216.4501801,39.45672226,59.34169006,466.6169128
3/13/2025,209.1679993,39.21944427,58.56629944,462.3800964
3/14/2025,212.9687042,40.42559052,59.38094711,472.6851196
3/17/2025,213.4774628,40.96934509,59.76373672,477.4862366
3/18/2025,212.1706696,41.17695999,59.18465042,476.3181152
3/19/2025,214.7144318,41.73059845,59.98947906,474.5758667
3/20/2025,213.5772247,41.99753571,59.49872589,472.2099304
3/21/2025,217.7370453,41.98764801,59.18465042,467.6661987
3/24/2025,220.1910248,42.58082962,59.84225845,475.1202698
3/25/2025,223.2036591,42.78844833,59.86188507,474.1006775
3/26/2025,220.9890747,42.33367157,60.65690613,478.7433777
3/27/2025,223.303421,42.07662582,60.2643013,474.8827515
3/28/2025,217.3679352,40.78150177,59.73429108,460.618042
3/31/2025,221.587616,41.25605011,60.56856918,466.2405396
4/1/2025,222.6450348,41.01877975,60.65690613,475.2802734
4/2/2025,223.3433228,41.37468719,60.67653275,467.7802734
4/3/2025,202.6938477,36.79727554,56.62550354,444.4856262
4/4/2025,187.9200287,33.99941254,53.88858795,427.012146
4/7/2025,181.016922,35.17590332,53.76013947,420.5453186
4/8/2025,171.9989777,34.63214493,52.55471039,410.2539063
4/9/2025,198.3644562,36.72806931,57.43571091,449.5915527
4/10/2025,189.9550323,35.44282913,55.91410065,441.2472229
4/11/2025,197.666153,35.54169846,56.64526749,456.0882568
4/14/2025,202.0254974,36.25351715,56.72430801,464.5716553
4/15/2025,201.6464081,37.5585289,56.51681519,458.2041321
4/16/2025,193.795639,36.90602493,55.09401321,449.422699
4/17/2025,196.4990234,36.98511505,55.09401321,449.0750122
4/21/2025,192.6883545,36.50067902,53.72061539,438.6346436
4/22/2025,199.2522888,37.88478088,54.38261414,451.6478577
4/23/2025,204.1004181,38.30989456,54.96557236,453.4160767
4/24/2025,207.8612061,39.13047409,55.61768341,461.4326172
4/25/2025,208.7689819,39.23921967,56.03266907,456.2571106
4/28/2025,209.6268921,39.32819748,56.16111755,457.1511536
4/29/2025,210.6942902,39.53581238,56.65514374,457.5882568
4/30/2025,211.9811249,39.42706299,57.04048538,460.4888916
5/1/2025,212.7991333,39.71376801,57.42582703,476.8398438
5/2/2025,204.848587,40.60354614,58.62137985,478.4789429
5/5/2025,198.4043579,40.6529808,58.61149216,478.1510925
5/6/2025,198.0252838,40.37615967,58.5126915,472.1510925
5/7/2025,195.7707977,40.46513748,58.85850906,469.2703247
5/8/2025,197.007782,41.12752914,58.9968338,486.7437744
5/9/2025,198.0452423,41.31536865,59.05612183,489.3364868
5/12/2025,210.5510406,42.86754227,60.9334259,492.3364868
5/13/2025,212.6886139,43.77708817,61.04211426,495.2669678
5/14/2025,212.0892944,44.23186874,60.55796814,494.2040405
5/15/2025,211.2102966,43.87595749,63.49249649,512.8994141
5/16/2025,211.0205078,44.18243027,62.86013412,527.9588623
5/19/2025,208.5433197,44.2615242,63.15655136,526.3198242
5/20/2025,206.6255035,44.18243027,62.66252518,522.8430786
5/21/2025,201.8609009,42.75878906,62.4451561,511.2503052
5/22/2025,201.1317291,42.8181076,62.60324478,512.2338257
5/23/2025,195.048645,42.70935822,62.35623169,506.6808167
5/27/2025,199.9830475,43.71777344,62.98858643,506.2536621
5/28/2025,200.1927948,43.55958939,62.58348083,504.6245117
5/29/2025,199.7233276,43.73754883,62.29694748,500.114624
5/30/2025,200.6223145,43.62879562,62.2870636,502.9060364
6/2/2025,201.471344,43.57936478,63.0873909,504.4755249
6/3/2025,203.039566,44.14288712,63.59130096,509.7503967
6/4/2025,202.5900879,43.8561821,63.62094116,504.4159241
6/5/2025,200.4025726,43.87595749,63.84819794,507.366272
6/6/2025,203.6888275,44.72125244,65.27099609,516.5449829
6/9/2025,201.2216339,44.62180328,65.11290741,518.2238159
6/10/2025,202.4402466,44.84058762,64.37186432,512.4026489
6/11/2025,198.554657,44.48257828,63.42333221,517.3894653
6/12/2025,198.9741821,44.37318802,64.32246399,513.435791
6/13/2025,196.2272949,43.84611893,63.32452011,506.2139587
6/16/2025,198.1950684,44.1643486,64.72756195,520.9655762
6/17/2025,195.4182129,43.98534393,64.54971313,519.6542969
6/18/2025,196.3571472,44.81075668,65.05361938,521.5019531
6/20/2025,200.7721405,45.24832153,65.52789307,517.9258423
6/23/2025,201.2715759,46.04389572,66.57522583,510.6741943
6/24/2025,200.072937,46.40190506,67.07913971,510.6940308
6/25/2025,201.3315125,46.59085083,67.37555695,503.3828125
6/26/2025,200.7721405,47.19747925,68.12647247,505.1609802
6/27/2025,200.8520508,46.85935974,67.83006287,509.9391174
6/30/2025,204.9374084,47.05825424,68.5513382,506.7203369
7/1/2025,207.5844116,47.88366318,68.27468872,506.5907898
7/2/2025,212.199173,48.4405632,67.77077484,518.4992065
7/3/2025,213.3079224,48.65934753,68.95363617,519.1569214
7/7/2025,209.7119904,48.39083862,68.51628113,508.5140991
7/8/2025,209.7719269,46.88919449,68.17831421,507.1388855
7/9/2025,210.90065,46.58090973,68.85423279,507.5574036
7/10/2025,212.1692047,46.71018982,68.34729767,517.3930664
7/11/2025,210.9206238,46.47151566,67.54216003,510.6266785
7/14/2025,208.3834991,46.80963516,67.41294098,505.8434143
7/15/2025,208.8729553,45.8947258,66.77677917,501.7178345
7/16/2025,209.9217682,45.77538681,66.96564484,505.9630127
7/17/2025,209.7819214,46.7599144,67.89006042,497.4029236
7/18/2025,210.9405975,47.05825424,67.64156342,498.0805359
7/21/2025,212.2391205,47.21736908,67.9298172,494.51297
7/22/2025,214.1569519,47.50576401,67.75090027,503.9301147
7/23/2025,213.9072266,47.87371445,68.20813751,513.3770752
7/24/2025,213.5176697,48.12233353,67.88011932,512.8688354
7/25/2025,213.6375427,48.18200302,68.27771759,515.5794067
7/28/2025,213.8073578,47.96321869,67.51233673,508.7731628
7/29/2025,211.0305023,47.68476868,67.55210114,510.7164001
7/30/2025,208.8130188,47.69471359,67.87017822,506.1025085
7/31/2025,207.3347015,47.00852966,67.67137909,522.545105
8/1/2025,202.150589,45.40743637,66.7071991,499.2365112
8/4/2025,203.1194916,45.59638214,68.07891846,508.7831421
8/5/2025,202.6899567,45.30799103,67.11473846,506.8100281
8/6/2025,213.008255,45.16876221,68.79459381,507.8663635
8/7/2025,219.7805634,44.67152786,69.48045349,504.8768005
8/8/2025,229.0900116,45.75549698,71.3591156,508.593811
8/11/2025,227.1799927,45.90467072,70.24583435,505.2156067
8/12/2025,229.6499939,47.23725891,70.9515686,504.0895386
8/13/2025,233.3300018,46.97869873,69.97745514,511.7527466
8/14/2025,232.7799988,47.44609451,68.88405609,477.1735535
8/15/2025,231.5899963,46.68035507,65.80265808,487.098877
8/18/2025,230.8899994,47.65493393,66.54815674,489.4207764
8/19/2025,230.5599976,47.81404877,66.35930634,487.7366638
8/20/2025,226.0099945,48.08255386,66.7071991,491.005249
8/21/2025,224.8999939,47.99304962,66.61773682,485.065979
8/22/2025,227.7599945,49.20630264,66.91593933,494.263855
8/25/2025,227.1600037,49.20630264,66.7370224,486.2019958
8/26/2025,229.3099976,49.9720459,67.97951508,486.0625
8/27/2025,230.4900055,50.10132599,68.02922058,491.3639832
8/28/2025,232.5599976,50.21072006,69.01327515,489.7297058
8/29/2025,232.1399994,50.45933533,68.67531586,476.9742432
9/2/2025,229.7200012,50.14110184,67.39306641,475.120697
9/3/2025,238.4700012,49.78309631,67.26383972,467.8859558
9/4/2025,239.7799988,50.33999634,67.58191681,473.2472534
9/5/2025,239.6900024,49.77000046,66.49846649,471.6129761
9/8/2025,237.8800049,49.45999908,66.47857666,479.834259
9/9/2025,234.3500061,50.29000092,66.9358139,473.9448242
9/10/2025,226.7899933,50.13000107,67.72107697,469.7096252
9/11/2025,230.0299988,50.75,67.28372192,474.8018188
9/12/2025,234.0700073,50.58000183,66.1306839,468.8725281
9/15/2025,236.6999969,50.59000015,66.61773682,467.4773865
9/16/2025,238.1499939,50.65999985,66.52828217,467.0688477
9/17/2025,238.9900055,51.40000153,67.3135376,467.4873657
9/18/2025,237.8800049,52.13000107,68.26777649,474.4630127
9/19/2025,245.5,52.25,67.80059814,467.9956055
9/22/2025,256.0799866,51.91999817,67.3433609,467.3976746
9/23/2025,254.4299927,51.70000076,67.13462067,470.0285034
9/24/2025,252.3099976,51.70000076,66.91593933,467.3080139
9/25/2025,256.8699951,51.84999847,67.44275665,465.0758057
9/26/2025,255.4600067,52.20999908,66.81654358,462.3752136
9/29/2025,254.4299927,52.41999817,67.3135376,463.8699951
9/30/2025,254.6300049,51.59000015,68.00933838,457.2600098
10/1/2025,255.4499969,50.68000031,68.33735657,451.730011
10/2/2025,257.1300049,50.47999954,67.8999939,461.8200073
10/3/2025,258.019989,50.63999939,67.91999817,462.8800049
10/6/2025,256.6900024,50.38999939,68.91000366,457.3099976
10/7/2025,256.480011,50.29000092,68.98999786,461.5100098
10/8/2025,258.0599976,49.84000015,70.33000183,460.75
10/9/2025,254.0399933,49.79000092,69.95999908,456.2200012
10/10/2025,245.2700043,48.65000153,67.94000244,446.3500061
